episode_index,seed,x_m,y_m,z_m,region,expert_feasible,expert_plan_steps,act_success,max_press_depth_m,reason
0,1791095845,0.7269582748413086,0.24750733375549316,0.8299999833106995,both_hard,False,0,False,0.0009423400042578578,expert_action_list_none
1,2135392491,0.7620076537132263,-0.008014827966690063,0.8299999833106995,x_hard_only,False,0,True,0.004999999888241291,expert_action_list_none
2,946286476,0.5848974585533142,0.024759680032730103,0.8299999833106995,central,True,74,True,0.004999999888241291,expert_planning_succeeded
3,1857819720,0.8304875493049622,-0.1703137308359146,0.8299999833106995,x_hard_only,False,0,False,0.0009353504283353686,expert_action_list_none
4,491263,0.43115508556365967,0.19148746132850647,0.8299999833106995,y_hard_only,True,74,True,0.004999999888241291,expert_planning_succeeded
5,550290313,0.489001601934433,-0.14604975283145905,0.8299999833106995,central,True,74,True,0.004999999888241291,expert_planning_succeeded
6,1298508491,0.7677383422851562,-0.1600601077079773,0.8299999833106995,x_hard_only,True,74,True,0.004999999888241291,expert_planning_succeeded
7,2143362693,0.46325060725212097,0.010452717542648315,0.8299999833106995,central,True,74,True,0.004999999888241291,expert_planning_succeeded
8,630311759,0.4168594181537628,0.2894618511199951,0.8299999833106995,y_hard_only,False,0,False,0.0009353504283353686,expert_action_list_none
9,1013994432,0.7337602376937866,-0.25333482027053833,0.8299999833106995,x_hard_only,True,74,True,0.004999999888241291,expert_planning_succeeded
10,396591248,0.736760139465332,-0.21161788702011108,0.8299999833106995,x_hard_only,True,74,True,0.004999999888241291,expert_planning_succeeded
11,1703301249,0.5371521711349487,0.198074072599411,0.8299999833106995,y_hard_only,False,0,False,0.0009589817491360009,expert_action_list_none
12,799981516,0.5980048179626465,-0.22078585624694824,0.8299999833106995,central,True,74,True,0.004999999888241291,expert_planning_succeeded
13,1666063943,0.5996991395950317,-0.0662882924079895,0.8299999833106995,central,True,74,True,0.004999999888241291,expert_planning_succeeded
14,1484172013,0.6093497276306152,0.03465518355369568,0.8299999833106995,central,True,74,True,0.004999999888241291,expert_planning_succeeded
15,729053692,0.8169957399368286,-0.19078373908996582,0.8299999833106995,x_hard_only,False,0,False,0.002023789333179593,expert_action_list_none
16,1704103302,0.6800910234451294,0.024563640356063843,0.8299999833106995,central,True,74,True,0.004999999888241291,expert_planning_succeeded
17,1870626073,0.44125908613204956,0.13372987508773804,0.8299999833106995,central,True,74,False,0.0033722042571753263,expert_planning_succeeded
18,166716594,0.6644712686538696,0.14286461472511292,0.8299999833106995,central,False,0,True,0.004999999888241291,expert_action_list_none
19,1487394068,0.8245232105255127,0.28022241592407227,0.8299999833106995,both_hard,False,0,False,0.0009353504283353686,expert_action_list_none
20,1800426750,0.715671181678772,-0.2689116299152374,0.8299999833106995,x_hard_only,True,74,True,0.004946781788021326,expert_planning_succeeded
21,1345499493,0.4795093536376953,0.11453011631965637,0.8299999833106995,central,True,74,True,0.004999999888241291,expert_planning_succeeded
22,795511698,0.8072487711906433,0.0022321343421936035,0.8299999833106995,x_hard_only,False,0,False,0.0009353504283353686,expert_action_list_none
23,105433556,0.8460524082183838,0.11030653119087219,0.8299999833106995,x_hard_only,False,0,False,0.0009423146839253604,expert_action_list_none
24,878115723,0.7647011876106262,-0.004891782999038696,0.8299999833106995,x_hard_only,False,0,True,0.004999999888241291,expert_action_list_none
25,1904615676,0.6976341605186462,-0.2334631383419037,0.8299999833106995,central,True,74,True,0.004999999888241291,expert_planning_succeeded
26,1624002026,0.7142679691314697,0.1653696596622467,0.8299999833106995,both_hard,False,0,False,0.00093795609427616,expert_action_list_none
27,986026652,0.735289454460144,-0.2573428153991699,0.8299999833106995,x_hard_only,True,74,True,0.004999999888241291,expert_planning_succeeded
28,117628829,0.7167951464653015,0.15170004963874817,0.8299999833106995,both_hard,False,0,False,0.0009353504283353686,expert_action_list_none
29,147806606,0.7927480936050415,-0.032967329025268555,0.8299999833106995,x_hard_only,False,0,True,0.004999999888241291,expert_action_list_none
30,732152370,0.8181936144828796,0.11969229578971863,0.8299999833106995,x_hard_only,False,0,False,0.0009353504283353686,expert_action_list_none
31,1777953348,0.6048920750617981,0.10995396971702576,0.8299999833106995,central,True,74,True,0.004918933846056461,expert_planning_succeeded
32,1792310487,0.8409907817840576,0.11885079741477966,0.8299999833106995,x_hard_only,False,0,False,0.0009353504283353686,expert_action_list_none
33,1963679703,0.7965362668037415,-0.29263803362846375,0.8299999833106995,x_hard_only,True,74,False,0.0037718818057328463,expert_planning_succeeded
34,252070889,0.7277605533599854,0.23439908027648926,0.8299999833106995,both_hard,False,0,False,0.0009411115315742791,expert_action_list_none
35,1849836273,0.831002414226532,0.07290676236152649,0.8299999833106995,x_hard_only,False,0,False,0.0009423146839253604,expert_action_list_none
36,602957303,0.5155255794525146,0.1573844850063324,0.8299999833106995,y_hard_only,True,74,True,0.004999999888241291,expert_planning_succeeded
37,1886039518,0.8272982239723206,-0.27167779207229614,0.8299999833106995,x_hard_only,False,0,False,0.0009353504283353686,expert_action_list_none
38,850839392,0.5286352634429932,-0.27913030982017517,0.8299999833106995,central,True,74,True,0.004999999888241291,expert_planning_succeeded
39,1195672662,0.7359845638275146,-0.28410986065864563,0.8299999833106995,x_hard_only,True,74,True,0.004876159131526947,expert_planning_succeeded
40,1291688077,0.5983544588088989,0.08422333002090454,0.8299999833106995,central,True,74,True,0.004999999888241291,expert_planning_succeeded
41,927586281,0.535153329372406,0.1347997486591339,0.8299999833106995,central,True,74,False,0.0009541385807096958,expert_planning_succeeded
42,2011168137,0.47034919261932373,0.18155023455619812,0.8299999833106995,y_hard_only,True,74,True,0.004999999888241291,expert_planning_succeeded
43,1300333575,0.5386874675750732,0.1421177089214325,0.8299999833106995,central,True,74,False,0.0033055837266147137,expert_planning_succeeded
44,1346146623,0.5576333403587341,0.07905557751655579,0.8299999833106995,central,True,74,False,0.0009564749780111015,expert_planning_succeeded
45,398576445,0.4238516688346863,-0.0029587149620056152,0.8299999833106995,central,True,74,True,0.004999999888241291,expert_planning_succeeded
46,826019350,0.7307367324829102,0.11029991507530212,0.8299999833106995,x_hard_only,False,0,False,0.0009353504283353686,expert_action_list_none
47,77964601,0.4540981650352478,0.24283301830291748,0.8299999833106995,y_hard_only,False,0,False,0.0009632091387175024,expert_action_list_none
48,1616579073,0.4936677813529968,0.18084552884101868,0.8299999833106995,y_hard_only,True,74,True,0.004999999888241291,expert_planning_succeeded
49,1567750016,0.7242886424064636,0.07432812452316284,0.8299999833106995,x_hard_only,False,0,True,0.004999999888241291,expert_action_list_none
50,1694822716,0.5871270895004272,0.1346549391746521,0.8299999833106995,central,True,74,True,0.004999999888241291,expert_planning_succeeded
51,1413675217,0.5419665575027466,-0.011085748672485352,0.8299999833106995,central,True,74,True,0.004999999888241291,expert_planning_succeeded
52,365262088,0.7396695613861084,-0.20483511686325073,0.8299999833106995,x_hard_only,True,74,True,0.0048489682376384735,expert_planning_succeeded
53,1415635672,0.5240604877471924,-0.1213299036026001,0.8299999833106995,central,True,74,False,0.0009353504283353686,expert_planning_succeeded
54,167739021,0.6379073262214661,-0.2879418432712555,0.8299999833106995,central,True,74,True,0.004860031884163618,expert_planning_succeeded
55,1172740723,0.7446340322494507,-0.08456455171108246,0.8299999833106995,x_hard_only,True,74,True,0.004999999888241291,expert_planning_succeeded
56,729416111,0.6179910898208618,0.0932064950466156,0.8299999833106995,central,True,74,True,0.004999999888241291,expert_planning_succeeded
57,254447594,0.5453133583068848,-0.10242773592472076,0.8299999833106995,central,True,74,True,0.004999999888241291,expert_planning_succeeded
58,1624109689,0.8394529819488525,-0.023493528366088867,0.8299999833106995,x_hard_only,False,0,False,0.0009353504283353686,expert_action_list_none
59,732412360,0.5412396192550659,0.1543736457824707,0.8299999833106995,y_hard_only,True,74,False,0.000956583593506366,expert_planning_succeeded
60,422396446,0.80406653881073,0.2026669979095459,0.8299999833106995,both_hard,False,0,False,0.0009411115315742791,expert_action_list_none
61,399713351,0.8217185735702515,0.14568090438842773,0.8299999833106995,x_hard_only,False,0,False,0.0009423146839253604,expert_action_list_none
62,1808643459,0.4889857769012451,0.0004786849021911621,0.8299999833106995,central,True,74,False,0.000956583593506366,expert_planning_succeeded
63,737248710,0.6931178569793701,-0.09352104365825653,0.8299999833106995,central,True,74,True,0.004999999888241291,expert_planning_succeeded
64,1966620565,0.7090458869934082,0.030429691076278687,0.8299999833106995,x_hard_only,False,0,False,0.004025967326015234,expert_action_list_none
65,1768615473,0.6942167282104492,0.1468416452407837,0.8299999833106995,central,False,0,False,0.0009596130112186074,expert_action_list_none
66,142443833,0.44170352816581726,-0.08697162568569183,0.8299999833106995,central,True,74,False,0.001053659594617784,expert_planning_succeeded
67,848474627,0.8117284178733826,-0.1598583459854126,0.8299999833106995,x_hard_only,False,0,False,0.0009593357681296766,expert_action_list_none
68,824105924,0.7487937211990356,0.27069854736328125,0.8299999833106995,both_hard,False,0,False,0.0009411115315742791,expert_action_list_none
69,1243949848,0.43153414130210876,0.04584425687789917,0.8299999833106995,central,True,74,True,0.004999999888241291,expert_planning_succeeded
70,1355129329,0.4764042794704437,-0.037888944149017334,0.8299999833106995,central,True,74,True,0.004999999888241291,expert_planning_succeeded
71,610401323,0.5352623462677002,0.07535409927368164,0.8299999833106995,central,True,74,True,0.004999999888241291,expert_planning_succeeded
72,801015372,0.6460683941841125,-0.24252481758594513,0.8299999833106995,central,True,74,True,0.004999999888241291,expert_planning_succeeded
73,1216826394,0.42839348316192627,-0.22892913222312927,0.8299999833106995,central,True,74,True,0.004999999888241291,expert_planning_succeeded
74,1437206324,0.6262905597686768,0.2211276888847351,0.8299999833106995,y_hard_only,False,0,False,0.0009353504283353686,expert_action_list_none
75,1771840848,0.4209049940109253,-0.18767356872558594,0.8299999833106995,central,True,74,False,0.0009319360833615065,expert_planning_succeeded
76,78547565,0.6096991300582886,0.04610997438430786,0.8299999833106995,central,True,74,True,0.004999999888241291,expert_planning_succeeded
77,146764659,0.6497845649719238,0.08379518985748291,0.8299999833106995,central,True,74,False,0.004747620318084955,expert_planning_succeeded
78,1074361641,0.4239290654659271,0.09821948409080505,0.8299999833106995,central,True,74,True,0.004999999888241291,expert_planning_succeeded
79,532704722,0.6363027095794678,-0.29367339611053467,0.8299999833106995,central,True,74,False,0.0009556955774314702,expert_planning_succeeded
80,2099642383,0.6901258230209351,-0.08571632206439972,0.8299999833106995,central,True,74,True,0.004999999888241291,expert_planning_succeeded
81,689925184,0.6452098488807678,0.28794026374816895,0.8299999833106995,y_hard_only,False,0,False,0.0009353504283353686,expert_action_list_none
82,1065863364,0.7658112049102783,0.06958872079849243,0.8299999833106995,x_hard_only,False,0,False,0.0009423146839253604,expert_action_list_none
83,1282027545,0.5978779196739197,-0.11496353149414062,0.8299999833106995,central,True,74,True,0.004999999888241291,expert_planning_succeeded
84,1204497775,0.555433988571167,0.19660601019859314,0.8299999833106995,y_hard_only,False,0,False,0.002778346184641123,expert_action_list_none
85,1916133090,0.6406979560852051,-0.17971190810203552,0.8299999833106995,central,True,74,True,0.004999999888241291,expert_planning_succeeded
86,1242445271,0.753343939781189,0.0659622848033905,0.8299999833106995,x_hard_only,False,0,False,0.0016817745054140687,expert_action_list_none
87,954017671,0.5339875221252441,-0.025224894285202026,0.8299999833106995,central,True,74,True,0.004999999888241291,expert_planning_succeeded
88,443352346,0.7088097333908081,0.04423743486404419,0.8299999833106995,x_hard_only,False,0,False,0.0013295746175572276,expert_action_list_none
89,315096729,0.5004799365997314,0.0998552143573761,0.8299999833106995,central,True,74,True,0.004999999888241291,expert_planning_succeeded
90,1923688040,0.5523081421852112,0.1682654321193695,0.8299999833106995,y_hard_only,True,74,True,0.004999999888241291,expert_planning_succeeded
91,2015364118,0.5083605051040649,0.10386157035827637,0.8299999833106995,central,True,74,True,0.004821436945348978,expert_planning_succeeded
92,1754904329,0.43383631110191345,-0.29474928975105286,0.8299999833106995,central,True,74,False,0.0009353504283353686,expert_planning_succeeded
93,413056707,0.5856515765190125,-0.03783160448074341,0.8299999833106995,central,True,74,True,0.004999999888241291,expert_planning_succeeded
94,1261063143,0.40932387113571167,-0.04545903205871582,0.8299999833106995,central,True,74,True,0.004999999888241291,expert_planning_succeeded
95,1732461694,0.4181612432003021,0.22143340110778809,0.8299999833106995,y_hard_only,True,74,True,0.004999999888241291,expert_planning_succeeded
96,1235985687,0.7145418524742126,0.1944790780544281,0.8299999833106995,both_hard,False,0,False,0.0009353504283353686,expert_action_list_none
97,513207677,0.6313680410385132,-0.15984803438186646,0.8299999833106995,central,True,74,True,0.004999999888241291,expert_planning_succeeded
98,558468452,0.7088208198547363,-0.030585825443267822,0.8299999833106995,x_hard_only,True,74,True,0.004999999888241291,expert_planning_succeeded
99,106512539,0.6608253121376038,0.2368798851966858,0.8299999833106995,y_hard_only,False,0,False,0.0009353504283353686,expert_action_list_none
